id_seqpos,reactivity,deg_Mg_pH10,deg_Mg_50C,deg_pH10,deg_50C
0_0,0.5450218,0.53979367,0.43032604,1.6677129,0.77175856
0_1,0.6223326,1.2703944,1.1805999,2.4181485,1.2420621
0_2,0.40645152,0.28020203,0.27728194,0.82761234,0.5760393
