id_seqpos,reactivity,deg_Mg_pH10,deg_Mg_50C,deg_pH10,deg_50C
0_0,0.5960858,0.7867311,0.4150597,1.5147651,0.70555544
0_1,0.6330794,0.7322488,0.5648239,0.86618584,0.7640296
0_2,1.8399177,0.6612524,1.507532,3.3996027,1.6350831
