id_seqpos,reactivity,deg_Mg_pH10,deg_Mg_50C,deg_pH10,deg_50C
0_0,0.21148495,0.42392024,0.20617062,0.92754203,0.4083711
0_1,0.2555362,0.5365965,0.4474001,1.0611491,0.542363
0_2,0.16640389,0.37176114,0.3294785,0.7319084,0.431351
