id_seqpos,reactivity,deg_Mg_pH10,deg_Mg_50C,deg_pH10,deg_50C
0_0,0.63582134,0.593392,0.5642438,2.2110682,0.86183405
0_1,1.0887802,1.2765442,1.5474348,3.4325135,1.8060403
0_2,0.7770391,0.7166806,0.7987095,2.5304997,1.086167
