id_seqpos,reactivity,deg_Mg_pH10,deg_Mg_50C,deg_pH10,deg_50C
0_0,0.4590328,0.5141069,0.39620212,1.8737278,0.6178081
0_1,1.0728369,1.3141844,1.0503349,2.6769667,1.3181918
0_2,0.45768237,0.49747154,0.48359233,0.92962277,0.6603581
