id_seqpos,reactivity,deg_Mg_pH10,deg_Mg_50C,deg_pH10,deg_50C
0_0,0.54490733,0.5898247,0.43454626,2.2483795,0.6457522
0_1,0.94977033,1.3368747,1.052416,2.8430376,1.191529
0_2,0.569546,0.8453084,0.7689136,1.8850998,0.9130902
