id_seqpos,reactivity,deg_Mg_pH10,deg_Mg_50C,deg_pH10,deg_50C
0_0,0.6235333,0.7020402,0.73069245,2.470207,0.89969456
0_1,0.90860105,1.3351593,1.9546318,3.5960488,1.8423448
0_2,0.62470174,0.74507856,0.84312105,2.57878,0.9589559
