id_seqpos,reactivity,deg_Mg_pH10,deg_Mg_50C,deg_pH10,deg_50C
0_0,0.45948207,1.0615547,1.185478,1.5270996,0.96059906
0_1,0.68897575,1.8401327,2.5594869,3.1974926,1.1546206
0_2,1.1873422,1.33312,1.1490641,2.0518782,1.3666797
