id_seqpos,reactivity,deg_Mg_pH10,deg_Mg_50C,deg_pH10,deg_50C
0_0,0.78022593,1.132429,0.8016761,2.8484435,1.0512714
0_1,2.5036135,1.5186492,1.9468981,4.6408253,2.2059233
0_2,2.188624,2.1967697,2.6761332,4.4562283,2.4022775
