id_seqpos,reactivity,deg_Mg_pH10,deg_Mg_50C,deg_pH10,deg_50C
0_0,0.74834096,0.94595075,1.2868882,2.8395176,1.417518
0_1,0.8991486,1.3188944,1.1753103,2.6465688,1.3310064
0_2,0.903647,0.97458243,2.0146718,3.0337799,1.5234281
