id_seqpos,reactivity,deg_Mg_pH10,deg_Mg_50C,deg_pH10,deg_50C
0_0,0.29931659,0.48279092,0.38415113,1.6620917,0.4449141
0_1,0.6658634,0.8482365,0.9312793,1.4605997,0.7494073
0_2,0.27923575,0.45955798,0.48490143,1.2876644,0.6220226
