id_seqpos,reactivity,deg_Mg_pH10,deg_Mg_50C,deg_pH10,deg_50C
0_0,1.1190803,1.4467583,1.5183153,3.2871733,1.8070202
0_1,1.0421946,1.1847866,1.9084806,2.6608949,1.2485018
0_2,0.52644145,1.5390456,2.484117,3.3357408,2.103168
