id_seqpos,reactivity,deg_Mg_pH10,deg_Mg_50C,deg_pH10,deg_50C
0_0,0.55656016,0.7014546,0.69873375,2.9954324,0.79224753
0_1,0.7915616,1.1323416,1.1061854,3.42502,1.1938725
0_2,0.7448286,0.7602237,0.88690835,2.8793602,1.0308313
