id_seqpos,reactivity,deg_Mg_pH10,deg_Mg_50C,deg_pH10,deg_50C
0_0,0.6108512,0.6399996,0.6669329,2.5544822,0.82546586
0_1,0.9935165,1.1361024,1.3106786,3.3128092,1.3622837
0_2,0.6220955,0.6489525,0.7254557,2.4623277,0.86842036
