id_seqpos,reactivity,deg_Mg_pH10,deg_Mg_50C,deg_pH10,deg_50C
0_0,0.52199256,0.62564147,0.43397105,2.342945,0.650521
0_1,0.7889602,1.0385952,0.8649063,2.7305522,1.0938241
0_2,0.72412235,0.90082556,0.87326074,2.1631217,1.1169833
