id_seqpos,reactivity,deg_Mg_pH10,deg_Mg_50C,deg_pH10,deg_50C
0_0,0.5009751,0.5939112,0.642594,2.6948981,0.8274236
0_1,0.957611,1.171617,1.5181742,3.6662652,1.6398594
0_2,0.6665998,0.7641667,0.91692626,2.9543605,1.1137478
