id_seqpos,reactivity,deg_Mg_pH10,deg_Mg_50C,deg_pH10,deg_50C
0_0,0.4396755,0.5210388,0.71667033,1.6789961,0.8143792
0_1,0.76972646,1.0545484,1.5491736,1.8326242,1.2281392
0_2,0.41354465,0.50431764,0.8465512,1.2005444,0.8490495
