id_seqpos,reactivity,deg_Mg_pH10,deg_Mg_50C,deg_pH10,deg_50C
0_0,0.4468758,0.36400923,0.64354396,1.392418,0.619455
0_1,0.7564254,0.9099741,0.97487307,1.4571127,0.71736234
0_2,0.29410392,0.9243158,1.0803657,1.5174243,0.89046204
