id_seqpos,reactivity,deg_Mg_pH10,deg_Mg_50C,deg_pH10,deg_50C
0_0,0.42069733,0.42730838,0.4077223,1.7790643,0.52926433
0_1,0.70512223,0.70578706,0.8260223,2.1528506,0.9667926
0_2,0.4640059,0.48512673,0.54860747,1.5287037,0.7780689
