id_seqpos,reactivity,deg_Mg_pH10,deg_Mg_50C,deg_pH10,deg_50C
0_0,0.27230784,0.35633808,0.3937957,2.0639884,0.60192037
0_1,0.6033775,1.11719,1.3380228,2.9385138,1.2064351
0_2,0.4174075,0.62524617,0.7559631,1.9850618,0.9524612
